employee_number,first_name,last_name,email,title,access_level
EMP003037,Juliana,Burbudge,juliana.burbudge@consultants.com,Director of Sales,Account Admin
EMP003265,Natala,Judd,natala.judd@consultants.com,Director of Sales,Account Admin
EMP003291,Gweneth,Abbate,gweneth.abbate@consultants.com,Account Manager,Approval - Manager
EMP003684,Annmarie,Scrange,annmarie.scrange@consultants.com,Director of Sales,Account Admin
EMP003713,Marybeth,Driussi,marybeth.driussi@consultants.com,Account Manager,Approval - Manager
EMP003921,Sigfried,McTear,sigfried.mctear@consultants.com,Director of Sales,Account Admin
EMP003941,Franciskus,Langland,franciskus.langland@consultants.com,Account Manager,Approval - Manager
EMP004461,Josselyn,Ivanchov,josselyn.ivanchov@consultants.com,Sales Assistant,Contract Entry
EMP004708,Carling,Janecek,carling.janecek@consultants.com,Director of Sales,Account Admin
EMP004948,Ted,McNabb,ted.mcnabb@consultants.com,Sales Assistant,Contract Entry
EMP005134,Jami,Cornall,jami.cornall@consultants.com,Director of Sales,Account Admin
EMP005242,Sheilah,Castagne,sheilah.castagne@consultants.com,Director of Sales,Account Admin
EMP005289,Cassandra,Ritmeier,cassandra.ritmeier@consultants.com,Director of Sales,Account Admin
EMP005889,Fanni,Aird,fanni.aird@consultants.com,Director of Sales,Account Admin
EMP006091,Caryn,Spackman,caryn.spackman@consultants.com,Director of Sales,Account Admin
EMP006274,Johny,McHardy,johny.mchardy@consultants.com,Account Manager,Approval - Manager
EMP006279,Cory,Stennings,cory.stennings@consultants.com,Sales Assistant,Contract Entry
EMP006309,Armstrong,Munroe,armstrong.munroe@consultants.com,Sales Assistant,Contract Entry
EMP006453,Josephina,Easby,josephina.easby@consultants.com,Director of Sales,Account Admin
EMP006493,Trumaine,Swatman,trumaine.swatman@consultants.com,Account Manager,Approval - Manager
EMP006513,Sigmund,Georg,sigmund.georg@consultants.com,Sales Assistant,Contract Entry
EMP006775,Sheffield,Bowhey,sheffield.bowhey@consultants.com,Account Manager,Approval - Manager
EMP006956,Anson,Yakubov,anson.yakubov@consultants.com,Director of Sales,Account Admin
EMP006982,Danielle,Jenny,danielle.jenny@consultants.com,Sales Assistant,Contract Entry
EMP007342,Aldon,Patron,aldon.patron@consultants.com,Director of Sales,Account Admin
EMP007489,Inglis,Burbudge,inglis.burbudge@consultants.com,Account Manager,Approval - Manager
EMP007577,Eada,Lisett,eada.lisett@consultants.com,Sales Assistant,Contract Entry
EMP007886,Korney,Riteley,korney.riteley@consultants.com,Account Manager,Approval - Manager
EMP007984,Cherri,Kohneke,cherri.kohneke@consultants.com,Account Manager,Approval - Manager
EMP008171,Cecelia,Blackaller,cecelia.blackaller@consultants.com,Sales Assistant,Contract Entry
EMP008420,Madison,Yurygyn,madison.yurygyn@consultants.com,Director of Sales,Account Admin
EMP008421,Lorene,Dutson,lorene.dutson@consultants.com,Director of Sales,Account Admin
EMP008451,Roxanna,Dungay,roxanna.dungay@consultants.com,Director of Sales,Account Admin
EMP008607,Angeli,Chalice,angeli.chalice@consultants.com,Account Manager,Approval - Manager
EMP009354,Selig,Whittek,selig.whittek@consultants.com,Director of Sales,Account Admin
EMP009400,Robinet,Filippazzo,robinet.filippazzo@consultants.com,Account Manager,Approval - Manager
EMP009433,Joelynn,Spelling,joelynn.spelling@consultants.com,Sales Assistant,Contract Entry
EMP009585,Theo,Craghead,theo.craghead@consultants.com,Account Manager,Approval - Manager
EMP009758,Chet,Casellas,chet.casellas@consultants.com,Account Manager,Approval - Manager
EMP009879,Valentino,Mattiacci,valentino.mattiacci@consultants.com,Director of Sales,Account Admin
EMP010054,Udall,Brixey,udall.brixey@consultants.com,Account Manager,Approval - Manager
EMP010215,Carver,Grennan,carver.grennan@consultants.com,Director of Sales,Account Admin
EMP010230,Web,Heims,web.heims@consultants.com,Account Manager,Approval - Manager
EMP010276,Bartlet,Waterstone,bartlet.waterstone@consultants.com,Account Manager,Approval - Manager
EMP010293,Zacherie,Mityakov,zacherie.mityakov@consultants.com,Account Manager,Approval - Manager
EMP010312,Warden,Starie,warden.starie@consultants.com,Director of Sales,Account Admin
EMP010358,Ulrikaumeko,Oehme,ulrikaumeko.oehme@consultants.com,Account Manager,Approval - Manager
EMP010369,Meggy,Hayhow,meggy.hayhow@consultants.com,Director of Sales,Account Admin
EMP011112,Phebe,Bulleyn,phebe.bulleyn@consultants.com,Director of Sales,Account Admin
EMP011121,Feliks,Steers,feliks.steers@consultants.com,Account Manager,Approval - Manager
EMP011167,Carolyn,Fouracres,carolyn.fouracres@consultants.com,Account Manager,Approval - Manager
EMP011305,Hyacintha,Adamiec,hyacintha.adamiec@consultants.com,Director of Sales,Account Admin
EMP011372,Claiborne,Rowet,claiborne.rowet@consultants.com,Director of Sales,Account Admin
EMP011599,Brnaba,Marson,brnaba.marson@consultants.com,Sales Assistant,Contract Entry
EMP011869,Robinet,Diano,robinet.diano@consultants.com,Sales Assistant,Contract Entry
EMP012003,Alec,Hatry,alec.hatry@consultants.com,Sales Assistant,Contract Entry
EMP012065,Karlis,Bartoloma,karlis.bartoloma@consultants.com,Account Manager,Approval - Manager
EMP012211,Vitoria,Dews,vitoria.dews@consultants.com,Director of Sales,Account Admin
EMP012272,Carlos,Hardiman,carlos.hardiman@consultants.com,Sales Assistant,Contract Entry
EMP012409,Gabby,Smelley,gabby.smelley@consultants.com,Account Manager,Approval - Manager
EMP012560,Doralia,Thomkins,doralia.thomkins@consultants.com,Account Manager,Approval - Manager
EMP012626,Edmund,Kernley,edmund.kernley@consultants.com,Director of Sales,Account Admin
EMP012771,Jobyna,Pixton,jobyna.pixton@consultants.com,Director of Sales,Account Admin
EMP012783,Elston,Cloke,elston.cloke@consultants.com,Sales Assistant,Contract Entry
EMP012926,Mitchael,Lalevee,mitchael.lalevee@consultants.com,Director of Sales,Account Admin
EMP012961,Alika,Croser,alika.croser@consultants.com,Director of Sales,Account Admin
EMP013022,Christiana,Axelby,christiana.axelby@consultants.com,Director of Sales,Account Admin
EMP013130,Rodolfo,Scripture,rodolfo.scripture@consultants.com,Account Manager,Approval - Manager
EMP013210,Daisy,Quernel,daisy.quernel@consultants.com,Director of Sales,Account Admin
EMP013241,Atalanta,Edward,atalanta.edward@consultants.com,Director of Sales,Account Admin
EMP013578,Sephira,Throughton,sephira.throughton@consultants.com,Director of Sales,Account Admin
EMP013589,Curran,Smyth,curran.smyth@consultants.com,Account Manager,Approval - Manager
EMP014219,Randy,Angless,randy.angless@consultants.com,Account Manager,Approval - Manager
EMP014234,Byran,Stearley,byran.stearley@consultants.com,Director of Sales,Account Admin
EMP014240,Gran,Johnstone,gran.johnstone@consultants.com,Sales Assistant,Contract Entry
EMP014275,Clotilda,Dauney,clotilda.dauney@consultants.com,Account Manager,Approval - Manager
EMP014331,Webster,Willicott,webster.willicott@consultants.com,Sales Assistant,Contract Entry
EMP014435,Carmelia,Artingstall,carmelia.artingstall@consultants.com,Account Manager,Approval - Manager
EMP015053,Jeane,Stuke,jeane.stuke@consultants.com,Sales Assistant,Contract Entry
EMP015131,Glen,Blaskett,glen.blaskett@consultants.com,Director of Sales,Account Admin
EMP015862,Rosemarie,Willes,rosemarie.willes@consultants.com,Sales Assistant,Contract Entry
EMP015950,Andreas,Focke,andreas.focke@consultants.com,Sales Assistant,Contract Entry
EMP016079,Ruy,Burhouse,ruy.burhouse@consultants.com,Director of Sales,Account Admin
EMP016303,Merell,Tavinor,merell.tavinor@consultants.com,Sales Assistant,Contract Entry
EMP016364,Shaw,Sneesbie,shaw.sneesbie@consultants.com,Director of Sales,Account Admin
EMP016365,Gaylene,Cudihy,gaylene.cudihy@consultants.com,Account Manager,Approval - Manager
EMP016867,Maurene,Challinor,maurene.challinor@consultants.com,Sales Assistant,Contract Entry
EMP016927,Tiffanie,Chipps,tiffanie.chipps@consultants.com,Account Manager,Approval - Manager
EMP017250,Jacquelin,Claus,jacquelin.claus@consultants.com,Account Manager,Approval - Manager
EMP017303,Charmain,Redfearn,charmain.redfearn@consultants.com,Account Manager,Approval - Manager
EMP017568,Ester,Akitt,ester.akitt@consultants.com,Director of Sales,Account Admin
EMP017655,Rebbecca,Pluvier,rebbecca.pluvier@consultants.com,Director of Sales,Account Admin
EMP017792,Wallis,Huddart,wallis.huddart@consultants.com,Director of Sales,Account Admin
EMP017804,Lucy,Kinchlea,lucy.kinchlea@consultants.com,Account Manager,Approval - Manager
EMP018007,Cozmo,Robertacci,cozmo.robertacci@consultants.com,Account Manager,Approval - Manager
EMP018033,Bradford,Costello,bradford.costello@consultants.com,Account Manager,Approval - Manager
EMP018142,Noni,Layus,noni.layus@consultants.com,Account Manager,Approval - Manager
EMP018294,Rhodie,Barraclough,rhodie.barraclough@consultants.com,Director of Sales,Account Admin
EMP018335,Stavro,Hornig,stavro.hornig@consultants.com,Sales Assistant,Contract Entry
EMP018431,Vaughan,Swinburn,vaughan.swinburn@consultants.com,Account Manager,Approval - Manager
EMP018433,Rey,Turle,rey.turle@consultants.com,Director of Sales,Account Admin
EMP019164,Salomone,Benzing,salomone.benzing@consultants.com,Director of Sales,Account Admin
EMP019505,Goldy,Sawkin,goldy.sawkin@consultants.com,Account Manager,Approval - Manager
EMP019702,Annissa,Moorey,annissa.moorey@consultants.com,Director of Sales,Account Admin
EMP019734,Doralia,Narey,doralia.narey@consultants.com,Sales Assistant,Contract Entry
EMP019760,Sibyl,Gerard,sibyl.gerard@consultants.com,Director of Sales,Account Admin
EMP019814,Nikolaus,Getsham,nikolaus.getsham@consultants.com,Director of Sales,Account Admin
EMP019816,Peadar,Morstatt,peadar.morstatt@consultants.com,Account Manager,Approval - Manager
EMP019830,Clarisse,Ortell,clarisse.ortell@consultants.com,Director of Sales,Account Admin
EMP019991,Carri,Marder,carri.marder@consultants.com,Sales Assistant,Contract Entry
EMP020096,Dyane,Abels,dyane.abels@consultants.com,Sales Assistant,Contract Entry
EMP020514,Gard,Quayle,gard.quayle@consultants.com,Account Manager,Approval - Manager
EMP020737,Gale,Vannini,gale.vannini@consultants.com,Director of Sales,Account Admin
EMP020931,Kassia,Apfelmann,kassia.apfelmann@consultants.com,Director of Sales,Account Admin
EMP021058,Mar,Fairn,mar.fairn@consultants.com,Account Manager,Approval - Manager
EMP021091,Gillie,Rother,gillie.rother@consultants.com,Director of Sales,Account Admin
EMP021215,Lilas,Alban,lilas.alban@consultants.com,Director of Sales,Account Admin
EMP021261,Garv,Inchboard,garv.inchboard@consultants.com,Director of Sales,Account Admin
EMP021644,Zeke,Galbraith,zeke.galbraith@consultants.com,Account Manager,Approval - Manager
EMP021763,Valerie,Leat,valerie.leat@consultants.com,Sales Assistant,Contract Entry
EMP021924,Wildon,Smurfit,wildon.smurfit@consultants.com,Sales Assistant,Contract Entry
EMP022050,Aline,March,aline.march@consultants.com,Account Manager,Approval - Manager
EMP022134,Graig,Wainscot,graig.wainscot@consultants.com,Sales Assistant,Contract Entry
EMP022728,Joycelin,Gaule,joycelin.gaule@consultants.com,Account Manager,Approval - Manager
EMP022893,Diandra,Picknett,diandra.picknett@consultants.com,Sales Assistant,Contract Entry
EMP023178,Dur,Nand,dur.nand@consultants.com,Director of Sales,Account Admin
EMP023428,Gibbie,Blackborough,gibbie.blackborough@consultants.com,Director of Sales,Account Admin
EMP023585,Upton,Latty,upton.latty@consultants.com,Account Manager,Approval - Manager
EMP023856,Zorana,Tarr,zorana.tarr@consultants.com,Sales Assistant,Contract Entry
EMP023866,Jeramey,Dondon,jeramey.dondon@consultants.com,Director of Sales,Account Admin
EMP023935,Ulrikaumeko,Plumridege,ulrikaumeko.plumridege@consultants.com,Director of Sales,Account Admin
EMP023999,Merla,Siman,merla.siman@consultants.com,Account Manager,Approval - Manager
EMP024068,Celinka,Vasilic,celinka.vasilic@consultants.com,Director of Sales,Account Admin
EMP024191,Danny,Vinten,danny.vinten@consultants.com,Director of Sales,Account Admin
EMP024501,Fedora,Belle,fedora.belle@consultants.com,Sales Assistant,Contract Entry
EMP024551,Ravi,Dighton,ravi.dighton@consultants.com,Account Manager,Approval - Manager
EMP024931,Frederique,Fant,frederique.fant@consultants.com,Account Manager,Approval - Manager
